_id,id,contact.name,contact.email,account.balance,charges
5fc80db087b3f620448d3392,m03sw3,Fancy Lynnett,FancyLynnett388@email.com,656.35,"[{""id"":""gj5mq9"",""amount"":628.13,""datetime"":""2020-11-24T00:00:00.000Z"",""status"":""New""}]"
5fc80db087b3f620448d3393,yxpx4a,Marla Dolores,MarlaDolores78@email.com,209.66,"[{""id"":""3pcvtm"",""amount"":274.58,""datetime"":""2020-11-24T00:00:00.000Z"",""status"":""New""},{""id"":""5spemj"",""amount"":274.59,""datetime"":""2020-11-24T00:00:00.000Z"",""status"":""New""}]"
5fc80db087b3f620448d3394,cjrs8a,Elnora Tiffanie,ElnoraTiffanie356@email.com,2.27,"[{""id"":""yu9nh6"",""amount"":489.91,""datetime"":""2020-11-24T00:00:00.000Z"",""status"":""New""}]"
5fc80db087b3f620448d3395,sjk084,Colene Jeniece,ColeneJeniece98@email.com,836.52,"[{""id"":""gfm7in"",""amount"":236.78,""datetime"":""2020-11-24T00:00:00.000Z"",""status"":""New""}]"
5fc80db087b3f620448d3396,c95lle,Reina Norri,ReinaNorri356@email.com,143.96,"[{""id"":""han6xq"",""amount"":570.96,""datetime"":""2020-11-24T00:00:00.000Z"",""status"":""New""}]"
5fc80db087b3f620448d3397,hqb99r,Gaye Natka,GayeNatka230@email.com,13.38,"[{""id"":""ihmwqq"",""amount"":341.33,""datetime"":""2020-11-24T00:00:00.000Z"",""status"":""New""}]"
5fc80db087b3f620448d3399,w5nc3m,Fay Billie,FayBillie269@email.com,1236.83,"[{""id"":""lri4zb"",""amount"":689.45,""datetime"":""2020-11-24T00:00:00.000Z"",""status"":""New""}]"
5fc80db087b3f620448d339a,01mk2s,Chastity Rafaelia,ChastityRafaelia295@email.com,16.87,"[{""id"":""6w4bxa"",""amount"":233,""datetime"":""2020-11-24T00:00:00.000Z"",""status"":""New""}]"
5fc80db087b3f620448d339b,17wjd7,Lurline Kathleen,LurlineKathleen236@email.com,170.74,"[{""id"":""yfrljy"",""amount"":262.47,""datetime"":""2020-11-24T00:00:00.000Z"",""status"":""New""}]"
5fc80db087b3f620448d339c,tpnutt,Brear Merrili,BrearMerrili365@email.com,799.41,"[{""id"":""5pk0c9"",""amount"":518.43,""datetime"":""2020-11-24T00:00:00.000Z"",""status"":""New""}]"
5fc80db087b3f620448d339d,pnxyjs,Bridgette Lyndsay,BridgetteLyndsay175@email.com,478.61,"[{""id"":""byrlo5"",""amount"":480.47,""datetime"":""2020-11-24T00:00:00.000Z"",""status"":""New""}]"
5fc80db087b3f620448d339e,wt2d8j,Violet Berty,VioletBerty376@email.com,145.84,"[{""id"":""7c5rnp"",""amount"":533.07,""datetime"":""2020-11-24T00:00:00.000Z"",""status"":""New""}]"
5fc80db087b3f620448d339f,gfsx75,Blancha Coretta,BlanchaCoretta263@email.com,642.43,"[{""id"":""dcdow1"",""amount"":513.77,""datetime"":""2020-11-24T00:00:00.000Z"",""status"":""New""}]"
5fc80db087b3f620448d33a0,f054j2,Dinnie Cindy,DinnieCindy76@email.com,66.31,"[{""id"":""qcu5j7"",""amount"":287.15,""datetime"":""2020-11-24T00:00:00.000Z"",""status"":""New""}]"
5fc80db087b3f620448d33a1,84u6ea,Bamby Valenka,BambyValenka222@email.com,337.63,"[{""id"":""1n5wah"",""amount"":300.6,""datetime"":""2020-11-24T00:00:00.000Z"",""status"":""New""}]"
5fc80db087b3f620448d33a2,zsp59o,Kala Bobbette,KalaBobbette163@email.com,11.74,"[{""id"":""83bxbn"",""amount"":447,""datetime"":""2020-11-24T00:00:00.000Z"",""status"":""New""}]"
5fc80db087b3f620448d33a4,v5sl5g,Bobby Flossie,BobbyFlossie150@email.com,1357.86,"[{""id"":""oadwra"",""amount"":467.77,""datetime"":""2020-11-13T00:00:00.000Z"",""status"":""New""},{""id"":""kyrtw6"",""amount"":467.77,""datetime"":""2020-11-24T00:00:00.000Z"",""status"":""New""}]"
5fc80db087b3f620448d33a5,htigeq,Sonny Lucretia,SonnyLucretia115@email.com,174.29,"[{""id"":""9lxcng"",""amount"":202.72,""datetime"":""2020-11-24T00:00:00.000Z"",""status"":""New""}]"
5fc80db087b3f620448d33a6,ecyb67,Juline Genia,JulineGenia241@email.com,26.56,"[{""id"":""t0fo2i"",""amount"":257.92,""datetime"":""2020-11-24T00:00:00.000Z"",""status"":""New""}]"
5fc80db087b3f620448d33a7,7fjxt0,Wynny Philippa,WynnyPhilippa408@email.com,10.94,"[{""id"":""1lqcvh"",""amount"":556.49,""datetime"":""2020-11-24T00:00:00.000Z"",""status"":""New""}]"
5fc80db087b3f620448d33a8,qx58j4,Sallee Justinn,SalleeJustinn181@email.com,231.21,"[{""id"":""2e3jzc"",""amount"":237.53,""datetime"":""2020-11-24T00:00:00.000Z"",""status"":""New""}]"
5fc80db087b3f620448d33a9,rrkagj,Elysha Phil,ElyshaPhil148@email.com,185.9,"[{""id"":""q3594x"",""amount"":253.43,""datetime"":""2020-11-24T00:00:00.000Z"",""status"":""New""}]"
5fc80db087b3f620448d33aa,79x0l1,Yvette Bridget,YvetteBridget323@email.com,3.14,"[{""id"":""qjx4e2"",""amount"":672.63,""datetime"":""2020-11-24T00:00:00.000Z"",""status"":""New""},{""id"":""5axj78"",""amount"":672.63,""datetime"":""2020-11-24T00:00:00.000Z"",""status"":""New""}]"
5fc80db087b3f620448d33ab,sb8hxf,Georgie Peggie,GeorgiePeggie297@email.com,671.2,"[{""id"":""t4885x"",""amount"":482.03,""datetime"":""2020-11-24T00:00:00.000Z"",""status"":""New""}]"
5fc80db087b3f620448d33ac,ejhcay,Cate Lorri,CateLorri297@email.com,669.95,"[{""id"":""2f1boe"",""amount"":267.68,""datetime"":""2020-11-24T00:00:00.000Z"",""status"":""New""}]"
5fc80db087b3f620448d33ad,j6i3pl,Maible Crysta,MaibleCrysta166@email.com,556.4,"[{""id"":""l7ug9x"",""amount"":600.61,""datetime"":""2020-11-24T00:00:00.000Z"",""status"":""New""}]"
5fc80db087b3f620448d33af,g46zdx,Jessalyn Deeanne,JessalynDeeanne388@email.com,90.53,"[{""id"":""b2dy2k"",""amount"":196.5,""datetime"":""2020-11-24T00:00:00.000Z"",""status"":""New""}]"
5fc80db087b3f620448d33b0,7mvgsc,Carlye Elnora,CarlyeElnora197@email.com,3602.75,"[{""id"":""eatyun"",""amount"":383.09,""datetime"":""2020-11-24T00:00:00.000Z"",""status"":""New""}]"
5fc80db087b3f620448d33b1,cxady1,Doro Kellia,DoroKellia175@email.com,464.81,"[{""id"":""egckud"",""amount"":464,""datetime"":""2020-11-24T00:00:00.000Z"",""status"":""New""}]"
5fc80db087b3f620448d33b4,m7nfo8,Heidie Bonnibelle,HeidieBonnibelle175@email.com,289.54,"[{""id"":""mz4ryc"",""amount"":309.5,""datetime"":""2020-11-24T00:00:00.000Z"",""status"":""New""}]"
5fc80db087b3f620448d33b5,fx1q4o,Benita Ophelia,BenitaOphelia145@email.com,15.43,"[{""id"":""euaxr9"",""amount"":360.5,""datetime"":""2020-11-24T00:00:00.000Z"",""status"":""New""}]"
5fc80db087b3f620448d33b6,pl9ll2,Hannie Ellen,HannieEllen297@email.com,-2.51,"[{""id"":""xd5ncw"",""amount"":197.25,""datetime"":""2020-11-24T00:00:00.000Z"",""status"":""New""}]"
5fc80db087b3f620448d33b8,zkalv2,Carlota Fern,CarlotaFern407@email.com,2817.83,"[{""id"":""3tmxgm"",""amount"":680.72,""datetime"":""2020-11-24T00:00:00.000Z"",""status"":""New""}]"
5fc80db087b3f620448d33b9,dlplzp,Devin Korney,DevinKorney338@email.com,409.8,"[{""id"":""z2jald"",""amount"":210,""datetime"":""2020-11-24T00:00:00.000Z"",""status"":""New""}]"
5fc80db087b3f620448d33ba,d3pjaw,Laurella Doretta,LaurellaDoretta232@email.com,63.75,"[{""id"":""4hx4w9"",""amount"":390.5,""datetime"":""2020-11-24T00:00:00.000Z"",""status"":""New""}]"
5fc80db087b3f620448d33bb,eo3vnb,Gwyn Amelie,GwynAmelie192@email.com,24.81,"[{""id"":""87oexp"",""amount"":505,""datetime"":""2020-11-24T00:00:00.000Z"",""status"":""New""},{""id"":""j0aq9a"",""amount"":505,""datetime"":""2020-11-24T00:00:00.000Z"",""status"":""New""}]"
5fc80db087b3f620448d33bc,9dkfyp,Haley Adore,HaleyAdore402@email.com,2125.23,"[{""id"":""vx4l48"",""amount"":302.18,""datetime"":""2020-11-24T00:00:00.000Z"",""status"":""New""}]"
5fc80db087b3f620448d33bd,vw3p9p,Coraline Rozanna,CoralineRozanna76@email.com,30.01,"[{""id"":""8c63kp"",""amount"":429.06,""datetime"":""2020-11-24T00:00:00.000Z"",""status"":""New""}]"
5fc80db087b3f620448d33be,3cfmvs,Mariann Nolana,MariannNolana165@email.com,400.64,"[{""id"":""opvmtv"",""amount"":115,""datetime"":""2020-11-24T00:00:00.000Z"",""status"":""New""}]"
5fc80db087b3f620448d33bf,jgtpwe,Gusty Christabel,GustyChristabel293@email.com,441.26,"[{""id"":""o5ufbh"",""amount"":275.25,""datetime"":""2020-11-24T00:00:00.000Z"",""status"":""New""}]"
5fc80db087b3f620448d33c1,bj53he,Fredra Ethyl,FredraEthyl112@email.com,256.94,"[{""id"":""h0etee"",""amount"":749.7,""datetime"":""2020-11-24T00:00:00.000Z"",""status"":""New""}]"
5fc80db087b3f620448d33c2,ieih37,Tabatha Reena,TabathaReena168@email.com,3986.29,"[{""id"":""1rovb0"",""amount"":164.75,""datetime"":""2020-11-24T00:00:00.000Z"",""status"":""New""}]"
5fc80db087b3f620448d33c3,sjdc01,Barbara-anne Marcia,Barbara-anneMarcia321@email.com,1.75,"[{""id"":""qwnwhf"",""amount"":621.87,""datetime"":""2020-11-24T00:00:00.000Z"",""status"":""New""}]"
5fc80db087b3f620448d33c4,ifp4c7,Vida Tiffani,VidaTiffani168@email.com,2541.4,"[{""id"":""oi344k"",""amount"":653.97,""datetime"":""2020-11-24T00:00:00.000Z"",""status"":""New""}]"
5fc80db087b3f620448d33c5,tb1q5s,Gretal Winnie,GretalWinnie170@email.com,-164.98,"[{""id"":""k4wxgu"",""amount"":357.99,""datetime"":""2020-11-30T00:00:00.000Z"",""status"":""New""},{""id"":""ed5y4z"",""amount"":358,""datetime"":""2020-11-24T00:00:00.000Z"",""status"":""New""}]"
5fc80db087b3f620448d33c6,2vr5hc,Darbie Charmine,DarbieCharmine410@email.com,128.36,"[{""id"":""npv536"",""amount"":443.82,""datetime"":""2020-11-24T00:00:00.000Z"",""status"":""New""}]"
5fc80db087b3f620448d33c7,h7ow0i,Dorette Erminie,DoretteErminie344@email.com,127.01,"[{""id"":""o4ad19"",""amount"":315.82,""datetime"":""2020-11-24T00:00:00.000Z"",""status"":""New""}]"
5fc80db087b3f620448d33c8,cm1fwa,Tally Dorice,TallyDorice289@email.com,13.71,"[{""id"":""z992i2"",""amount"":622.17,""datetime"":""2020-11-24T00:00:00.000Z"",""status"":""New""}]"
5fc80db087b3f620448d33c9,djim81,Lorne Shaylynn,LorneShaylynn274@email.com,221.62,"[{""id"":""7cv0is"",""amount"":255.9,""datetime"":""2020-11-24T00:00:00.000Z"",""status"":""New""}]"
5fc80db087b3f620448d33ca,lkvkbl,Alix Mildred,AlixMildred405@email.com,43.15,"[{""id"":""o0gnk3"",""amount"":449.99,""datetime"":""2020-11-24T00:00:00.000Z"",""status"":""New""}]"
5fc80db087b3f620448d33cc,6djfs9,Blondy Annmaria,BlondyAnnmaria149@email.com,5.54,"[{""id"":""dvdyte"",""amount"":559.13,""datetime"":""2020-11-24T00:00:00.000Z"",""status"":""New""}]"
5fc80db087b3f620448d33cd,pxuwai,Chelsea Dorisa,ChelseaDorisa233@email.com,2.36,"[{""id"":""v2ojpj"",""amount"":518.12,""datetime"":""2020-11-24T00:00:00.000Z"",""status"":""New""}]"
5fc80db087b3f620448d33ce,u2kbdv,Faustine Pavia,FaustinePavia355@email.com,223.4,"[{""id"":""9xecru"",""amount"":487.5,""datetime"":""2020-11-24T00:00:00.000Z"",""status"":""New""}]"
5fc80db087b3f620448d33d0,xy712f,Britni Othilie,BritniOthilie292@email.com,7.19,"[{""id"":""cj2o45"",""amount"":221.94,""datetime"":""2020-11-24T00:00:00.000Z"",""status"":""New""}]"
5fc80db087b3f620448d33d1,cnxc2x,Dorolice Millie,DoroliceMillie159@email.com,869.32,"[{""id"":""y8e3dc"",""amount"":414.68,""datetime"":""2020-11-24T00:00:00.000Z"",""status"":""New""}]"
5fc80db087b3f620448d33d2,ak7uxe,Mariya Van,MariyaVan415@email.com,682.67,"[{""id"":""kmdkfl"",""amount"":173.75,""datetime"":""2020-11-24T00:00:00.000Z"",""status"":""New""}]"
5fc80db087b3f620448d33d3,j9oia1,Michaeline Glad,MichaelineGlad318@email.com,66.55,"[{""id"":""be10i2"",""amount"":575,""datetime"":""2020-11-24T00:00:00.000Z"",""status"":""New""}]"
5fc80db087b3f620448d33d4,c546g1,Eve Eden,EveEden73@email.com,633.96,"[{""id"":""1vlxyh"",""amount"":875,""datetime"":""2020-11-24T00:00:00.000Z"",""status"":""New""}]"
5fc80db087b3f620448d33d5,d03wws,Libby Johnath,LibbyJohnath126@email.com,690.83,"[{""id"":""0on2dz"",""amount"":501.49,""datetime"":""2020-11-24T00:00:00.000Z"",""status"":""New""}]"
5fc80db087b3f620448d33d6,bz4b0v,Tobey Barbaraanne,TobeyBarbaraanne401@email.com,9.44,"[{""id"":""pirxso"",""amount"":276.54,""datetime"":""2020-11-24T00:00:00.000Z"",""status"":""New""}]"
5fc80db087b3f620448d33d7,kk3q2q,Drona Winni,DronaWinni327@email.com,1353,"[{""id"":""tp1d0i"",""amount"":626.88,""datetime"":""2020-11-24T00:00:00.000Z"",""status"":""New""}]"
5fc80db087b3f620448d33d9,x665d2,Georgia Kristin,GeorgiaKristin238@email.com,82.4,"[{""id"":""7veg03"",""amount"":556.62,""datetime"":""2020-11-24T00:00:00.000Z"",""status"":""New""}]"
5fc80db087b3f620448d33da,5o0i0u,Elbertina Lynnelle,ElbertinaLynnelle412@email.com,169.94,"[{""id"":""fmq6h5"",""amount"":565.02,""datetime"":""2020-11-24T00:00:00.000Z"",""status"":""New""}]"
5fc80db087b3f620448d33db,qyzcx0,Janetta Vally,JanettaVally141@email.com,513.29,"[{""id"":""g8jpnf"",""amount"":369.63,""datetime"":""2020-11-24T00:00:00.000Z"",""status"":""New""}]"
5fc80db087b3f620448d33dc,ta41vu,Filide Mame,FilideMame88@email.com,5495.96,"[{""id"":""jo1mzt"",""amount"":577.13,""datetime"":""2020-11-24T00:00:00.000Z"",""status"":""New""}]"
5fc80db087b3f620448d33dd,hmufyh,Maren Elfrida,MarenElfrida113@email.com,460.12,"[{""id"":""2kaf2g"",""amount"":248.55,""datetime"":""2020-11-24T00:00:00.000Z"",""status"":""New""}]"
5fc80db087b3f620448d33df,46355g,Florella Guillema,FlorellaGuillema229@email.com,125.26,"[{""id"":""05fur3"",""amount"":669.6,""datetime"":""2020-11-24T00:00:00.000Z"",""status"":""New""}]"
5fc80db087b3f620448d33e0,v75qu4,Agace Anatola,AgaceAnatola395@email.com,199.93,"[{""id"":""44sl9t"",""amount"":199.5,""datetime"":""2020-11-24T00:00:00.000Z"",""status"":""New""}]"
5fc80db087b3f620448d33e1,oatxh6,Dolly Glenna,DollyGlenna307@email.com,3857.98,"[{""id"":""oarwvi"",""amount"":783.22,""datetime"":""2020-11-24T00:00:00.000Z"",""status"":""New""}]"
5fc80db087b3f620448d33e2,vu2bz6,Tana Domini,TanaDomini106@email.com,820.82,"[{""id"":""xzqiob"",""amount"":601.09,""datetime"":""2020-11-24T00:00:00.000Z"",""status"":""New""}]"
5fc80db087b3f620448d33e3,scs5bf,Nessa Ginni,NessaGinni118@email.com,283.76,"[{""id"":""w4e2k0"",""amount"":293.72,""datetime"":""2020-11-24T00:00:00.000Z"",""status"":""New""}]"
5fc80db087b3f620448d33e4,0qo2eb,Belicia Daryl,BeliciaDaryl126@email.com,420.13,"[{""id"":""4lj8nt"",""amount"":441.45,""datetime"":""2020-11-24T00:00:00.000Z"",""status"":""New""}]"
5fc80db087b3f620448d33e6,rrzubz,Jacintha Leigha,JacinthaLeigha305@email.com,460.18,"[{""id"":""ah5szf"",""amount"":251.29,""datetime"":""2020-11-24T00:00:00.000Z"",""status"":""New""}]"
5fc80db087b3f620448d33e7,stgwmi,Valentia Olenka,ValentiaOlenka172@email.com,4.91,"[{""id"":""nca6do"",""amount"":785.93,""datetime"":""2020-11-24T00:00:00.000Z"",""status"":""New""}]"
5fc80db087b3f620448d33e8,a87pmh,Sharai Roanna,SharaiRoanna238@email.com,2.32,"[{""id"":""ypbif2"",""amount"":459.99,""datetime"":""2020-11-24T00:00:00.000Z"",""status"":""New""}]"
5fc80db087b3f620448d33e9,nj7lrk,Leeann Catherine,LeeannCatherine216@email.com,3330.9,"[{""id"":""hnqvqc"",""amount"":200.02,""datetime"":""2020-11-24T00:00:00.000Z"",""status"":""New""}]"
5fc80db087b3f620448d33ea,bkly4y,Leesa Emlyn,LeesaEmlyn311@email.com,665.3,"[{""id"":""lqy9ol"",""amount"":453.22,""datetime"":""2020-11-24T00:00:00.000Z"",""status"":""New""}]"
5fc80db087b3f620448d33eb,c3ls8v,Joleen Cassondra,JoleenCassondra231@email.com,1958.96,"[{""id"":""bbvuz3"",""amount"":737.64,""datetime"":""2020-11-24T00:00:00.000Z"",""status"":""New""}]"
5fc80db087b3f620448d33ec,3i9y1g,Alleen Jandy,AlleenJandy218@email.com,46.83,"[{""id"":""ujcpn6"",""amount"":236.11,""datetime"":""2020-11-24T00:00:00.000Z"",""status"":""New""}]"
5fc80db087b3f620448d33ed,bshyff,Cayla Trisha,CaylaTrisha184@email.com,525.31,"[{""id"":""fhk2p5"",""amount"":645.88,""datetime"":""2020-11-24T00:00:00.000Z"",""status"":""New""}]"
5fc80db087b3f620448d33ee,883fkz,Amata Catie,AmataCatie108@email.com,321.41,"[{""id"":""xgglg5"",""amount"":797.25,""datetime"":""2020-11-24T00:00:00.000Z"",""status"":""New""}]"
5fc80db087b3f620448d33ef,2loo50,Nyssa Rona,NyssaRona391@email.com,8.85,"[{""id"":""0bhb95"",""amount"":747.45,""datetime"":""2020-11-24T00:00:00.000Z"",""status"":""New""}]"
5fc80db087b3f620448d33f0,kz0zue,Corrina Rochelle,CorrinaRochelle332@email.com,112.84,"[{""id"":""xdbu21"",""amount"":728.84,""datetime"":""2020-11-24T00:00:00.000Z"",""status"":""New""}]"
5fc80db087b3f620448d33f1,3mi9b2,Minni Miguela,MinniMiguela78@email.com,-71.89,"[{""id"":""uh158z"",""amount"":427.68,""datetime"":""2020-11-24T00:00:00.000Z"",""status"":""New""}]"
5fc80db087b3f620448d33f2,19g6rz,Lilia Willamina,LiliaWillamina206@email.com,59.68,"[{""id"":""7xlhb5"",""amount"":802.75,""datetime"":""2020-11-24T00:00:00.000Z"",""status"":""New""}]"
5fc80db087b3f620448d33f3,vcws50,Lucina Berta,LucinaBerta369@email.com,18.19,"[{""id"":""ps0ltr"",""amount"":566.25,""datetime"":""2020-11-24T00:00:00.000Z"",""status"":""New""}]"
5fc80db087b3f620448d33f5,xzmzh3,Elisa Catarina,ElisaCatarina293@email.com,1285.42,"[{""id"":""9n6bsa"",""amount"":751.99,""datetime"":""2020-11-24T00:00:00.000Z"",""status"":""New""}]"
5fc80db087b3f620448d33f6,edjdgb,Gwenneth Kyla,GwennethKyla317@email.com,232.84,"[{""id"":""u63ilx"",""amount"":621.38,""datetime"":""2020-11-24T00:00:00.000Z"",""status"":""New""}]"
5fc80db087b3f620448d33f7,lybf2o,Alethea Koo,AletheaKoo148@email.com,35.55,"[{""id"":""xzqzb1"",""amount"":633.5,""datetime"":""2020-11-24T00:00:00.000Z"",""status"":""New""}]"
5fc80db087b3f620448d33f8,y0qhek,Roxy Ki,RoxyKi283@email.com,21.61,"[{""id"":""5n3v3p"",""amount"":709.35,""datetime"":""2020-11-24T00:00:00.000Z"",""status"":""New""}]"
5fc80db087b3f620448d33fa,4ujdda,Atlanta Jessy,AtlantaJessy340@email.com,703.01,"[{""id"":""kmh9an"",""amount"":460.04,""datetime"":""2020-11-24T00:00:00.000Z"",""status"":""New""}]"
5fc80db087b3f620448d33fb,kvo1e4,Verine Guinna,VerineGuinna321@email.com,-78.9,"[{""id"":""04gex5"",""amount"":585.22,""datetime"":""2020-11-24T00:00:00.000Z"",""status"":""New""}]"
5fc80db087b3f620448d33fc,862vy9,Laraine Therine,LaraineTherine272@email.com,443.17,"[{""id"":""w0vnb2"",""amount"":800.04,""datetime"":""2020-11-24T00:00:00.000Z"",""status"":""New""}]"
5fc80db087b3f620448d33fd,ujvbld,Eveleen Roberta,EveleenRoberta74@email.com,126.87,"[{""id"":""vpveap"",""amount"":518.13,""datetime"":""2020-11-24T00:00:00.000Z"",""status"":""New""}]"
5fc80db087b3f620448d33fe,ftzipo,Kaycee Stacee,KayceeStacee278@email.com,75.2,"[{""id"":""t9t0dp"",""amount"":633,""datetime"":""2020-11-24T00:00:00.000Z"",""status"":""New""}]"
5fc80db087b3f620448d33ff,wc0ev1,Morganne Consuela,MorganneConsuela315@email.com,283.43,"[{""id"":""7ttjvy"",""amount"":219.78,""datetime"":""2020-11-24T00:00:00.000Z"",""status"":""New""}]"
5fc80db087b3f620448d3400,xxlko6,Harlene Bab,HarleneBab224@email.com,37.34,"[{""id"":""30t4nn"",""amount"":554.43,""datetime"":""2020-11-24T00:00:00.000Z"",""status"":""New""}]"
5fc80db087b3f620448d3401,jchl26,Sisile Rosella,SisileRosella202@email.com,-27.79,"[{""id"":""9jaxq5"",""amount"":298.31,""datetime"":""2020-11-24T00:00:00.000Z"",""status"":""New""}]"
5fc80db087b3f620448d3402,8thgjj,Coretta Anatola,CorettaAnatola160@email.com,678.07,"[{""id"":""ufhev1"",""amount"":603.5,""datetime"":""2020-11-24T00:00:00.000Z"",""status"":""New""}]"
5fc80db087b3f620448d3403,xc4s5c,Kiley Chastity,KileyChastity115@email.com,153.47,"[{""id"":""25t581"",""amount"":150.32,""datetime"":""2020-11-24T00:00:00.000Z"",""status"":""New""}]"
5fc80db087b3f620448d3404,z1uua2,Martynne Trisha,MartynneTrisha386@email.com,-620.68,"[{""id"":""yzwwj7"",""amount"":237.21,""datetime"":""2020-11-24T00:00:00.000Z"",""status"":""New""}]"
5fc80db087b3f620448d3407,l81c3i,Carmencita Veda,CarmencitaVeda208@email.com,312.1,"[{""id"":""ca3nvh"",""amount"":625.2,""datetime"":""2020-11-24T00:00:00.000Z"",""status"":""New""}]"
5fc80db087b3f620448d3408,ej94om,Aleen Danya,AleenDanya382@email.com,0,"[{""id"":""7k04et"",""amount"":444.38,""datetime"":""2020-11-24T00:00:00.000Z"",""status"":""New""}]"
5fc80db087b3f620448d3409,guxuh4,Sydney Dulci,SydneyDulci204@email.com,303.51,"[{""id"":""rcp0y2"",""amount"":705.79,""datetime"":""2020-11-24T00:00:00.000Z"",""status"":""New""},{""id"":""afr5o7"",""amount"":705.8,""datetime"":""2020-11-24T00:00:00.000Z"",""status"":""New""}]"
5fc80db087b3f620448d340a,15e94p,Katharine Aime,KatharineAime107@email.com,7.91,"[{""id"":""36xu3l"",""amount"":512.3,""datetime"":""2020-11-24T00:00:00.000Z"",""status"":""New""}]"
5fc80db087b3f620448d340c,jzkeie,Dorelle Kerstin,DorelleKerstin96@email.com,1815.88,"[{""id"":""etqc1k"",""amount"":282.98,""datetime"":""2020-11-24T00:00:00.000Z"",""status"":""New""}]"
5fc80db087b3f620448d340e,njf4ia,Elset Danell,ElsetDanell343@email.com,42.94,"[{""id"":""wewoaa"",""amount"":926.5,""datetime"":""2020-11-24T00:00:00.000Z"",""status"":""New""}]"
5fc80db087b3f620448d340f,4f5pr0,Devan Analiese,DevanAnaliese406@email.com,0.17,"[{""id"":""61t9c5"",""amount"":749,""datetime"":""2020-11-24T00:00:00.000Z"",""status"":""New""}]"
5fc80db087b3f620448d3410,sm7570,Laryssa Leticia,LaryssaLeticia391@email.com,697.24,"[{""id"":""8lxvkp"",""amount"":451.38,""datetime"":""2020-11-24T00:00:00.000Z"",""status"":""New""}]"
5fc80db087b3f620448d3411,6vi6h4,Nananne Jacquenetta,NananneJacquenetta266@email.com,1741.08,"[{""id"":""bdzjrt"",""amount"":661.47,""datetime"":""2020-11-24T00:00:00.000Z"",""status"":""New""}]"
5fc80db087b3f620448d3413,ayz077,Chickie Jehanna,ChickieJehanna355@email.com,14.99,"[{""id"":""c4jcfx"",""amount"":1030.5,""datetime"":""2020-11-24T00:00:00.000Z"",""status"":""New""}]"
5fc80db087b3f620448d3414,tm6i68,Storm Bryna,StormBryna295@email.com,1620.56,"[{""id"":""ypon7w"",""amount"":209.96,""datetime"":""2020-11-24T00:00:00.000Z"",""status"":""New""}]"
5fc80db087b3f620448d3415,0p1ju4,Carey Bren,CareyBren408@email.com,800,"[{""id"":""kwboom"",""amount"":468.92,""datetime"":""2020-11-24T00:00:00.000Z"",""status"":""New""}]"
5fc80db087b3f620448d3416,hgmym6,Jillie Hyacinthia,JillieHyacinthia287@email.com,85.57,"[{""id"":""sxc56s"",""amount"":772.38,""datetime"":""2020-11-24T00:00:00.000Z"",""status"":""New""}]"
5fc80db087b3f620448d3418,mtim83,Eachelle Ardra,EachelleArdra173@email.com,-53.52,"[{""id"":""mepcd5"",""amount"":577.66,""datetime"":""2020-11-24T00:00:00.000Z"",""status"":""New""}]"
5fc80db087b3f620448d3419,c5xriw,Jeanelle Thelma,JeanelleThelma272@email.com,125.53,"[{""id"":""6j0h89"",""amount"":653.06,""datetime"":""2020-11-24T00:00:00.000Z"",""status"":""New""}]"
5fc80db087b3f620448d341a,vozeyd,Maighdiln Jessika,MaighdilnJessika139@email.com,168.67,"[{""id"":""q0484l"",""amount"":891,""datetime"":""2020-11-24T00:00:00.000Z"",""status"":""New""}]"
5fc80db087b3f620448d341b,9m3llx,Frank Laureen,FrankLaureen156@email.com,2321.62,"[{""id"":""rtp0js"",""amount"":464.63,""datetime"":""2020-11-24T00:00:00.000Z"",""status"":""New""}]"
5fc80db087b3f620448d341c,6xypvp,Shandee Olive,ShandeeOlive168@email.com,93.43,"[{""id"":""ry2atq"",""amount"":750.42,""datetime"":""2020-11-24T00:00:00.000Z"",""status"":""New""}]"
5fc80db087b3f620448d341e,9nu3h6,Celie Leshia,CelieLeshia215@email.com,226.68,"[{""id"":""buxyv1"",""amount"":609.36,""datetime"":""2020-11-24T00:00:00.000Z"",""status"":""New""}]"
5fc80db087b3f620448d341f,hvef5m,Ardine Annecorinne,ArdineAnnecorinne259@email.com,988.63,"[{""id"":""0use72"",""amount"":700.74,""datetime"":""2020-11-24T00:00:00.000Z"",""status"":""New""}]"
5fc80db087b3f620448d3420,xvuqfa,Vittoria Maddie,VittoriaMaddie253@email.com,20.4,"[{""id"":""09qn18"",""amount"":465.27,""datetime"":""2020-11-24T00:00:00.000Z"",""status"":""New""}]"
5fc80db087b3f620448d3421,4g0fcu,Valeda Nadean,ValedaNadean351@email.com,0,"[{""id"":""q81fe8"",""amount"":350.56,""datetime"":""2020-11-24T00:00:00.000Z"",""status"":""New""}]"
5fc80db087b3f620448d3422,9o0sv3,Norine Shellie,NorineShellie299@email.com,335,"[{""id"":""a31jp8"",""amount"":334.52,""datetime"":""2020-11-24T00:00:00.000Z"",""status"":""New""},{""id"":""tqs70k"",""amount"":334.52,""datetime"":""2020-11-24T00:00:00.000Z"",""status"":""New""}]"
5fc80db087b3f620448d3423,kwyvzq,Dotti Caryn,DottiCaryn363@email.com,764.53,"[{""id"":""x270jp"",""amount"":385.66,""datetime"":""2020-11-24T00:00:00.000Z"",""status"":""New""}]"
5fc80db087b3f620448d3425,agyrz0,Miguelita Hilary,MiguelitaHilary180@email.com,458.12,"[{""id"":""ygqyet"",""amount"":414.3,""datetime"":""2020-11-24T00:00:00.000Z"",""status"":""New""}]"
5fc80db087b3f620448d3426,ty9y1n,Angelica Beatrisa,AngelicaBeatrisa324@email.com,1216.69,"[{""id"":""h2rqen"",""amount"":413.94,""datetime"":""2020-11-24T00:00:00.000Z"",""status"":""New""}]"
5fc80db087b3f620448d3427,76pmb8,Ryann Bertina,RyannBertina327@email.com,0,"[{""id"":""ma2uh7"",""amount"":783.01,""datetime"":""2020-11-24T00:00:00.000Z"",""status"":""New""}]"
5fc80db087b3f620448d3428,yevucq,Joscelin Cecily,JoscelinCecily221@email.com,212.73,"[{""id"":""np5vcp"",""amount"":219.25,""datetime"":""2020-11-24T00:00:00.000Z"",""status"":""New""}]"
5fc80db087b3f620448d3429,73k1pp,Fayina Zarah,FayinaZarah99@email.com,-17.85,"[{""id"":""qvtz2z"",""amount"":832.59,""datetime"":""2020-11-24T00:00:00.000Z"",""status"":""New""}]"
5fc80db087b3f620448d342a,yssx9v,Danika Alena,DanikaAlena290@email.com,3268.85,"[{""id"":""dym0iu"",""amount"":1054.18,""datetime"":""2020-11-24T00:00:00.000Z"",""status"":""New""}]"
5fc80db087b3f620448d342b,r3g6z9,Kathlin Bertie,KathlinBertie220@email.com,573.51,"[{""id"":""wdnib5"",""amount"":417.33,""datetime"":""2020-11-24T00:00:00.000Z"",""status"":""New""}]"
5fc80db087b3f620448d342c,pu38pl,Adore Shanie,AdoreShanie350@email.com,0.68,"[{""id"":""osb9qi"",""amount"":723.38,""datetime"":""2020-11-24T00:00:00.000Z"",""status"":""New""}]"
5fc80db087b3f620448d342d,ahqrtn,Beulah Lorie,BeulahLorie311@email.com,769.64,"[{""id"":""b4agtv"",""amount"":797.01,""datetime"":""2020-11-24T00:00:00.000Z"",""status"":""New""}]"
5fc80db087b3f620448d342e,rlwte0,Vilhelmina Dorita,VilhelminaDorita397@email.com,1950.55,"[{""id"":""c5pyrs"",""amount"":605.25,""datetime"":""2020-11-24T00:00:00.000Z"",""status"":""New""}]"
5fc80db087b3f620448d342f,q9uc2q,Maurine Alicea,MaurineAlicea385@email.com,60.83,"[{""id"":""nlofaw"",""amount"":642.9,""datetime"":""2020-11-24T00:00:00.000Z"",""status"":""New""}]"
5fc80db087b3f620448d3430,qjn649,Goldi Joletta,GoldiJoletta364@email.com,5.56,"[{""id"":""jm9b76"",""amount"":470.96,""datetime"":""2020-11-24T00:00:00.000Z"",""status"":""New""}]"
5fc80db087b3f620448d3432,5b3c9a,Ursulina Deena,UrsulinaDeena377@email.com,164.15,"[{""id"":""h3okcy"",""amount"":547.57,""datetime"":""2020-11-24T00:00:00.000Z"",""status"":""New""}]"
5fc80db087b3f620448d3433,2yjq8f,Aggi Fleur,AggiFleur339@email.com,0,"[{""id"":""55guqm"",""amount"":621.35,""datetime"":""2020-11-24T00:00:00.000Z"",""status"":""New""}]"
5fc80db087b3f620448d3434,cm19r3,Aubry Myrta,AubryMyrta214@email.com,-64.87,"[{""id"":""g0ywtn"",""amount"":615.35,""datetime"":""2020-11-24T00:00:00.000Z"",""status"":""New""}]"